<!-- Use stable and unique id's!-->
<core:FragmentDefinition 
    xmlns="sap.uxap" 
    xmlns:core='sap.ui.core' 
	xmlns:smartField="sap.ui.comp.smartfield"
    xmlns:smartForm="sap.ui.comp.smartform">

	<ObjectPageSubSection 
        id="idNotesSubSection0" 
        title="{i18n>EM-SS-TITLE}" 
        titleUppercase="false">
        <blocks>

			<smartForm:SmartForm id="idNotesSubSection0SmartForm0" editable="{ui>/editable}">
                <smartForm:Group id="idNotesSubSection0SmartForm0Group0">
					<!--Email Checkbox-->
					<smartForm:GroupElement id="idNotesSubSection0SmartFormGroupElement0">
						<smartField:SmartField 
                            id="idNotesSubSection0SubSectionField0" 
                            value="{ZZ1_MailtoSupplier_PDH}"
							change=".extension.ZMM_RFQ_MAINS1.ObjectExtension.handleNotesEmailSelect"/>
					</smartForm:GroupElement>

					<!--Email Subject-->
					<smartForm:GroupElement 
                        id="idNotesSubSection0SmartFormGroupElement1" 
                        visible="{ZZ1_MailtoSupplier_PDH}">
						<smartField:SmartField 
                            id="idNotesSubSection0SubSectionField1" 
                            value="{ZZ1_MailSubject_PDH}"/>
					</smartForm:GroupElement>
				</smartForm:Group>
			</smartForm:SmartForm>

		</blocks>        
	</ObjectPageSubSection>

</core:FragmentDefinition>